{
  "manifest": {
    "apis": {
      "custom": {
        "endpoint": {
          "uri": "arn:aws:lambda:eu-west-1:440432362541:function:31c3d125-8d72-4335-a30f-1fb0a03c03f0:Release_0"
        },
        "interfaces": [],
        "regions": {
          "NA": {
            "endpoint": {
              "uri": "arn:aws:lambda:us-east-1:440432362541:function:31c3d125-8d72-4335-a30f-1fb0a03c03f0:Release_0"
            }
          },
          "EU": {
            "endpoint": {
              "uri": "arn:aws:lambda:eu-west-1:440432362541:function:31c3d125-8d72-4335-a30f-1fb0a03c03f0:Release_0"
            }
          },
          "FE": {
            "endpoint": {
              "uri": "arn:aws:lambda:us-west-2:440432362541:function:31c3d125-8d72-4335-a30f-1fb0a03c03f0:Release_0"
            }
          }
        }
      }
    },
    "manifestVersion": "1.0",
    "publishingInformation": {
      "category": "KNOWLEDGE_AND_TRIVIA",
      "distributionCountries": [],
      "isAvailableWorldwide": true,
      "locales": {
        "en-IN": {
          "name": "Aion Mining"
        }
      },
      "testingInstructions": "Sample Testing Instructions."
    }
  }
}